e_no,d_no,e_id,e_pw,e_name,e_jdate,au_no,e_ph,e_email,e_addr,note,e_bdate,gender
1,1000,lantern,fp1026,김동연,2016-01-01,99,02-317-1700,kimDeaPyo@it.com,서울특별시 중구 퇴계로 100 스테이트타워 남산 24-25층,설립자/대표,1986-07-06,0
2,1000,serunepa,123,강승준,2016-06-16,00,02-6288-6112,susit@pocanniw.mu,경기도 성남시 분당구 판교역로 231 에스동 5층,더미사원1,1967-07-08,1
3,1000,rajkef,123,박재진,2016-10-15,00,02-6322-2660,ikpes@ceslu.id,서울특별시 중구 세종대로 136 서울파이낸스센터 18층,더미사원2,1984-05-18,1
4,1000,rouwu,123,정원,2016-11-12,00,02-2021-3900,ivuliw@obbok.mk,서울특별시 중구 세종대로 136 서울파이낸스센터 25층,더미사원3,1982-02-08,0
5,1101,numuphep,ceasza,고형권,2016-11-12,00,055-290-8000,ru@mok.gt,경상남도 창원시 마산회원구 3·15대로 642,더미사원4,1954-12-26,1
6,1200,jipitwe,isa,김용진,2016-06-17,00,062-239-5000,lu@hagrewpo.mu,광주시 동구 제봉로 225,더미사원5,1956-11-04,1
7,1211,luune,besezof,이찬우,2016-12-31,00,02-2022-6888,himijse@lonute.az,서울특별시 중구 을지로 29 삼성화재빌딩 6층,더미사원6,1971-10-30,1
8,1212,punfuc,we,황건일,2016-08-14,00,02-2073-7114,hoclalgej@pobfe.cg,서울특별시 중구 남대문로 84,더미사원7,1965-02-16,0
9,1221,muholzoh,curedej,조규홍,2016-03-19,00,02-6222-6200,napargek@du.cd,"서울특별시 중구 을지로 5길 26, 이스트센터 12층",더미사원8,1967-08-03,1
10,1222,wo,lo,박지웅,2016-07-26,00,02-2020-2340,age@coftepha.sx,서울특별시 종로구 세종로139 동아미디어센터 16층,더미사원9,1993-04-14,0
11,1231,hi,fe,민철기,2016-11-12,00,02-2080-5114,wuwej@cujadca.cf,서울특별시 중구 통일로 120,더미사원10,1976-11-14,0
12,1241,waw,onopewir,김만수,2016-07-31,00,02-6137-0001,sukez@ru.nr,서울특별시 영등포구 국제금융로 10 원아이에프씨 29층,더미사원11,1982-06-28,1
13,1242,gimiho,cad,강윤진,2016-05-31,00,053-755-8760,ehafi@refomo.ml,대구광역시 수성구 달구벌대로 2310,더미사원12,1960-02-03,1
14,1300,tep,vob,이복원,2016-05-31,00,02-739-3916,paz@jaudi.ao,서울특별시 중구 세종대로 136 서울파이낸스센터 4층,더미사원13,1978-09-25,0
15,1311,surgibi,poensal,황희정,2016-06-15,00,02-724-4500,guwzaot@ge.er,서울특별시 종로구 청계천로 41 영풍빌딩 16층,더미사원14,2000-01-28,1
16,1312,fetuk,serunepa,백병갑,2016-07-31,00,02-2095-3900,zekmoz@ref.sr,서울특별시 중구 소공로 109 한화빌딩 11층,더미사원15,1977-11-05,1
17,1313,kug,rajkef,이종수,2016-02-25,00,02-779-2751,kum@rir.ht,서울특별시 중구 소월로 10 단암빌딩 2층,더미사원16,1990-10-11,1
18,1314,onubo,rouwu,이돈일,2016-02-29,00,02-2007-6700,towravbuh@azopu.uz,서울특별시 강남구 테헤란로 410 금강타워빌딩 13층,더미사원17,1971-12-04,0
19,1400,pieg,numuphep,이계문,2016-12-31,00,02-399-4848,rip@bone.ee,서울특별시 종로구 새문안로 68 흥국생명빌딩 23층,더미사원18,1953-09-14,1
20,1411,limva,jipitwe,홍민석,2016-02-29,00,02-399-6400,weidzaz@si.gi,서울특별시 종로구 청계천로 41 영풍빌딩 4층,더미사원19,1998-10-22,0
21,1421,lugwe,luune,이미혜,2016-04-30,00,02-6364-7000,giguzihi@vuswetev.com,서울특별시 중구 을지로5길 26 미래에셋센터원빌딩 서관 12층,더미사원20,1996-11-28,0
22,1431,adiricse,punfuc,정무경,2016-02-29,00,02-3782-8500,kiurjo@butsazre.km,서울특별시 중구 세종대로 136 서울 파이낸스센터 19층,더미사원21,1977-03-07,1
23,9001,ad,wuvoola,손웅기,2016-02-29,00,02-6730-0100,upis@cikwim.ci,서울특별시 중구 세종대로 136 서울 파이낸스센터 14층,더미사원22,1974-10-07,1
24,1101,teigji,uma,배성현,2016-12-31,00,02-788-1401,hirekuk@mu.vn,서울특별시 중구 세종대로 136 서울 파이낸스센터 27층,더미사원23,1968-06-26,0
25,1200,gawocicim,me,김한준,2016-02-29,00,051-642-3300,awiipi@fombi.cm,부산광역시 남구 문현금융로 30,더미사원24,1995-07-30,1
26,1211,rek,bapfe,정유리,2016-02-29,00,02-2195-7777,ucpuf@oc.im,서울특별시 종로구 종로3길 17 D타워 23층,더미사원25,1995-05-10,1
27,1212,un,jol,문경호,2016-10-31,00,02-2240-2114,pofojus@kilpaced.gq,서울특별시 송파구 오금로 62(신천동 11-6),더미사원26,1959-12-17,1
28,1221,sevibnog,un,정남희,2016-02-29,00,02-3706-4500,izauge@los.mr,서울특별시 중구 을지로5길 26 미래에셋 센터원빌딩 서관 31층,더미사원27,1974-12-13,0
29,1222,ajolomjah,devafe,정기철,2016-05-31,00,02-756-0505,hi@re.com,서울특별시 중구 세종대로9길 20,더미사원28,1991-02-24,1
30,1231,juvesoas,dekho,윤채영,2016-02-29,00,02-317-1800,hovora@no.bi,서울특별시 중구 세종대로 136 서울파이낸스센터 11층,더미사원29,1992-06-27,0
31,1241,ito,lu,김성구,2016-03-31,00,051-462-3281,ukjuica@silakod.cx,부산광역시 중구 중앙대로 63 4층,더미사원30,1997-11-25,0
32,1242,lojakid,va,박창규,2016-07-31,00,02-2002-3000,foupajuk@dupopepe.mq,서울특별시 중구 소공로 51,더미사원31,1959-09-05,1
33,1300,loza,aba,구윤철,2016-10-31,00,02-3706-3114,ravbigsaz@paj.sn,서울특별시 중구 남대문로7길 16 한컴빌딩 10층,더미사원32,1994-01-11,1
34,1311,od,ellavun,안일환,2016-06-23,00,02-3455-5300,ficru@inu.mg,서울특별시 중구 통일로 92 ACE 타워빌딩 3층,더미사원33,1969-12-18,0
35,1312,jibzora,wehkid,최한경,2016-10-20,00,02-753-0741,dob@cudat.gm,서울특별시 중구 퇴계로 109 2431빌딩 9층,더미사원34,1968-05-16,1
36,1313,huwzi,us,진민규,2016-08-31,00,063-250-7114,vuwcin@elaferdeh.uz,전라북도 전주시 덕진구 백제대로 566,더미사원35,1977-06-07,1
37,1314,ra,rec,김명중,2016-04-30,00,02-758-5700,limera@mi.sk,서울특별시 중구 서소문로11길 35,더미사원36,1961-04-16,1
38,1400,ham,dahce,남경철,2016-10-31,00,064-720-0200,ovgi@vut.gm,제주특별자치도 제주시 오현길 90,더미사원37,1970-10-10,0
39,1411,ohuese,guc,김이한,2016-02-29,00,02-6730-3600,uz@veak.nf,서울시 중구 명동11길 24 중국건설은행타워,더미사원38,1989-02-24,1
40,1421,dojigah,idajiku,오은실,2016-04-29,00,02-755-5688,mo@lo.ge,서울특별시 중구 세종대로73 태평로빌딩,더미사원39,1955-12-02,0
41,1431,iru,lit,문성유,2016-06-30,00,02-3788-3900,ji@liralu.ps,서울시 중구 세종대로 136 서울파이낸스센터 14층,더미사원40,1970-07-12,0
42,9001,todvesa,ejjaman,박준호,2016-05-22,00,02-399-6699,muw@niac.pk,서울특별시 서린동 33번지 영풍빌딩 1층,더미사원41,1990-01-22,1
43,1101,raneh,hurbatre,허승철,2016-05-22,00,02-1588-2588,jasfi@tomajal.nl,서울특별시 중구 을지로 79,더미사원42,1970-11-25,1
44,1200,rafmi,vaveko,이병연,2016-10-31,00,02-3700-9500,dadih@warfical.fj,서울특별시 종로구 종로 1 교보빌딩 21층,더미사원43,1997-01-11,0
45,1211,amuk,hisis,박문규,2016-05-31,00,,vejsiji@wij.je,"서울시 종로구 종로1길 50, 비동16층(중학동, 더케이트윈타워)",더미사원44,1999-08-03,1
46,1212,us,zereju,안도걸,2016-02-29,00,02-3707-3800,hu@erpu.se,서울특별시 중구 소공로 109 한화빌딩 14층,더미사원45,1954-03-25,1
47,1221,ernusvum,hazasa,신상훈,2016-02-29,00,02-732-0277,ne@uk.ls,서울특별시 종로구 종로 1 교보빌딩 22층,더미사원46,1954-01-10,1
48,1222,howile,puzsu,이상영,2016-02-29,00,02-787-4000,bimfobsa@jeoleoz.bn,서울특별시 영등포구 은행로 14,더미사원47,1994-07-11,0
49,1231,hiso,jitba,육현수,2016-02-29,00,02-3702-3114,redum@lis.sc,서울특별시 종로구 종로 47,더미사원48,1956-03-09,1
50,1241,ameevebe,muvas,조인철,2016-02-29,00,02-3455-2114,nukibu@welejpu.lr,서울특별시 중구 청계천로 24 한미은행빌딩,더미사원49,1979-01-09,0
51,1242,nu,fawbude,장윤정,2016-05-31,00,02-2002-1111,ef@zej.cw,서울특별시 중구 을지로 66,더미사원50,1978-06-29,0
52,1300,cu,sak,이상원,2016-08-31,00,02-3700-3100,kec@zo.tk,서울특별시 종로구 종로 1 교보빌딩 22층,더미사원51,1957-01-28,1
53,1311,jewuvo,zitpis,박창환,2016-06-30,00,02-2004-0123,legjeak@vigece.ru,서울특별시 중구 칠패로 37 HSBC빌딩,더미사원52,1995-02-24,1
54,1312,zo,vu,이주현,2016-02-29,00,02-720-9810,pimorifo@to.pg,서울 종로구 종로 1 교보생명빌딩 20층,더미사원53,1984-10-11,0
55,1313,jefelu,jewhovud,류형선,2016-02-29,00,02-6386-8046,saaji@asa.fo,서울 중구 남대문로5가 6-1 와이즈타워 8층,더미사원54,1988-06-05,1
56,1314,jahbumuz,ko,윤병태,2016-02-29,00,02-3788-3700,basezkug@ibgur.ir,서울 종로구 서린동 영풍빌딩 23층,더미사원55,1966-11-27,1
57,1400,iv,kefiud,강대현,2016-02-29,00,051-669-8000,ogazzi@rumwo.bs,부산광역시 부산진구 새싹로1(부전동) 부산은행 부전동별관 4층,더미사원56,1958-02-12,1
58,1411,kema,fowge,박정민,2016-02-29,00,02-2206-1800,lafsuze@zu.cd,서울시 중구 세종대로 136 SFC 20층,더미사원57,1963-10-18,0
59,1421,zon,medar,오기남,2016-02-29,00,02-908-2011,kutut@wosda.cn,서울시 도봉구 해등로 166,더미사원58,1972-05-07,1
60,1431,sewek,wum,김우중,2016-02-29,00,02-6292-4002,ap@wo.fr,서울시 영등포구 국제금융로10 IFC3 44층,더미사원59,1961-07-08,0
61,9001,bisvowe,ko,장승대,2016-02-29,00,02-3787-2114,govijzek@kufes.sy,서울특별시 영등포구 국제금융로 2길 32,더미사원60,1972-12-13,0
62,1101,duejuub,ges,정창길,2016-02-29,00,02-2184-2000,durwutal@omu.ws,서울시 영등포구 여의대로 66 케이티비빌딩(여의도동),더미사원61,1989-01-01,1
63,1200,loaf,nif,김병규,2016-02-29,00,02-768-7000,amceomi@ralpuf.us,서울시 영등포구 여의대로 60 NH투자증권빌딩,더미사원62,1985-11-06,1
64,1211,salak,sicedowab,임재현,2016-02-29,00,02-3773-8245,pu@fomzaduh.cw,서울시 영등포구 국제금융로2길 24,더미사원63,1980-06-13,0
65,1212,kumga,pi,김종옥,2016-02-29,00,02-3779-3000,tu@oj.ao,서울시 서대문구 충정로 50  골든브릿지빌딩,더미사원64,1980-06-06,1
66,1221,izawzen,hu,박은영,2016-02-29,00,02-3771-9000,konuj@weidi.no,서울특별시 영등포구 의사당대로97 교보증권빌딩,더미사원65,1991-05-21,1
67,1222,ci,ecubu,양순필,2016-02-29,00,02-769-2000,wesakwi@ijoit.sl,서울시 중구 삼일대로 343,더미사원66,1954-04-20,1
68,1231,cu,jochotu,변광욱,2016-02-29,00,02-768-3355,agmicaf@buziwnus.bq,서울특별시 중구 을지로5길 26 미래에셋 센터원빌딩 이스트타워,더미사원67,1953-10-28,0
69,1241,cupromka,jure,조만희,2016-02-29,00,02-369-3000,vo@maloami.ci,서울특별시 영등포구 국제금융로 8길 32 DB금융투자,더미사원68,1959-09-16,1
70,1242,re,hifju,박경찬,2016-02-29,00,02-2009-7000,uw@eksi.si,서울특별시 영등포구 국제금융로6길 26 (여의도동 4층),더미사원69,1990-09-07,0
71,1300,givigez,ujewejzi,노중현,2016-08-31,00,02-785-6611,tu@lu.cc,서울시 영등포구 국제금융로6길 15,더미사원70,1988-03-19,0
72,1311,inogo,podor,이상율,2016-04-30,00,,cudu@meckop.cr,서울특별시 영등포구 의사당대로1길 34 인영빌딩,더미사원71,1967-12-25,1
73,1312,azoude,jar,박홍기,2016-05-31,00,02-368-9200,bewivcek@ke.lb,서울시 영등포구 국제금융로6길 17,더미사원72,1957-04-05,1
74,1313,zedfiltu,hephacren,이호근,2016-09-19,00,02-2020-8000,id@zan.it,서울특별시 서초구 서초대로 74길 11,더미사원73,1994-04-26,0
75,1314,locesiz,sos,송진혁,2016-09-19,00,02-2004-9000,tihi@su.bt,서울 영등포구 국제금융로 8길 16 신영증권빌딩,더미사원74,1962-04-21,1
76,1400,nuddo,se,이형철,2016-08-31,00,02-3772-1000,pigtuer@dulkona.ms,서울시 영등포구 여의대로 70(여의도동),더미사원75,1979-05-24,1
77,1411,owahki,ufku,윤정인,2016-04-30,00,02-6915-5000,de@beafe.vi,서울특별시 영등포구 국제금융로6길 11(여의도동),더미사원76,1994-07-30,1
78,1421,enizu,kuecofe,배정훈,2016-05-31,00,02-6923-7000,zecatip@ehilabam.tp,서울특별시 영등포구 국제금융로2길 25 (여의도동 유수홀딩스빌딩 3층),더미사원77,1991-12-26,0
79,1431,gudpe,vem,진승하,2016-02-29,00,02-3770-2000,buh@ehmus.cy,서울특별시 중구 을지로 76 유안타증권빌딩,더미사원78,1975-03-16,1
80,9001,ciisuwep,vulahu,성용욱,2016-02-29,00,02-368-6114,gofpogsek@liibjum.mz,서울시 영등포구 국제금융로 24 (유진그룹빌딩),더미사원79,1986-07-22,0
81,1101,vuhju,celzejik,김정홍,2016-02-29,00,02-3770-0100,navawufiz@esa.hr,서울특별시 영등포구 국제금융2길 36 유화증권빌딩,더미사원80,1956-06-06,0
82,1200,gef,echa,김문건,2016-02-29,00,02-3779-0100,jaumoiro@waziv.lr,서울특별시 영등포구 여의대로 14 KT빌딩 17층,더미사원81,1974-10-06,1
83,1211,saip,jobipi,이호섭,2016-02-29,00,02-6114-0114,sakzegwe@zip.me,서울시 영등포구 국제금융로2길 28,더미사원82,1989-12-20,1
84,1212,fej,jaego,장영규,2016-06-29,00,02-550-6200,ifasidvik@sijaosu.vg,서울 영등포구 여의나루로 57(신송센터빌딩 12층),더미사원83,1978-10-30,0
85,1221,suvidiiso,lout,조영욱,2016-08-31,00,02-1544-9000,dez@zavapate.ca,"서울 영등포구 여의나루로4길 18 (여의도동, 키움파이낸스스퀘어)",더미사원84,1966-09-14,1
86,1222,tovos,le,김위정 ,2016-02-19,00,02-709-2300,ut@agzi.ml,서울시 영등포구 여의도동 23-3 하나증권빌딩 3층,더미사원85,1963-07-09,1
87,1231,mafciog,do,도규상,2016-02-29,00,02-3771-7114,sakrisni@sav.sj,서울 영등포구 의사당대로 82[여의도동],더미사원86,1964-09-08,1
88,1241,egimemi,atge,주환욱,2016-02-29,00,02-2122-9078,govita@fotoz.sa,서울시 영등포구 여의나루로 61,더미사원87,1970-01-06,0
89,1242,wipjabu,uvepaga,고광희,2016-02-29,00,02-3276-5000,me@monad.bz,서울특별시 영등포구 의사당대로 88,더미사원88,1964-06-30,1
90,1300,fo,lumovin,배병관,2016-02-29,00,02-3770-5000,ofujik@sinzoaw.ps,서울특별시 영등포구 국제금융로6길 7,더미사원89,1955-05-11,0
91,1311,elja,gemli,김명규,2016-02-29,00,02-3772-7000,fifiaja@ahopu.je,서울특별시 영등포구 여의대로 56 한화투자증권빌딩,더미사원90,1996-10-02,0
92,1312,fufa,dad,장보영,2016-04-30,00,02-6742-3600,vopdo@jolofpas.as,서울시 종로구 새문안로68 흥국생명빌딩 19층 (신문로1가),더미사원91,1970-02-02,1
93,1313,mubbud,liv,황인웅,2016-02-29,00,02-3783-2000,fo@buwosoj.km,서울시 중구 세종대로 136 서울파이낸스센터 17층,더미사원92,1992-04-06,1
94,1314,rehfo,vef,심규진,2016-02-29,00,02-787-9100,secipzu@loirkuz.sl,서울특별시 영등포구 여의도동 국제금융로 10 One IFC빌딩 21층,더미사원93,1964-08-05,0
95,1400,namenut,lep,방기선,2016-02-29,00,02-316-8888,voosuli@lokeg.td,서울특별시 종로구 청계천로 41 (서린동 영풍빌딩 17층),더미사원94,1955-05-03,1
96,1411,sez,ivawu,한훈,2016-04-30,00,02-3705-8500,ifdi@izazur.hn,서울특별시 중구 소공로 109 (소공동 한화빌딩 5층),더미사원95,1987-09-18,1
97,1421,azoetaki,wed,강기룡,2016-05-31,00,02-2125-0500,nidkuug@wo.pg,"서울특별시 중구 퇴계로 100 (회현동 2가) 스테이트타워 남산빌딩 24, 25층",더미사원96,1992-10-21,1
98,1431,zambebzo,devwotaf,조현진,2016-08-31,00,02-397-8400,fuwguk@cu.eh,서울시 영등포구 국제금융로 10번지 원아이에프씨 30층,더미사원97,1957-07-26,0
99,9001,lavmed,javofpa,배준형,2016-08-31,00,02-3705-0600,namveg@ebbeg.ma,서울특별시 중구 청계천로 24  한국씨티은행빌딩 17층,더미사원98,1983-06-07,1
100,1101,famcomudu,urne,이상윤,2016-08-31,00,02-3703-5000,heguru@bamo.an,서울특별시 종로구 종로47,더미사원99,1989-09-22,0
101,1200,teruta,henhaz,임상준,2016-02-29,00,02-2195-7114,jozo@tu.lr,서울시 종로구 종로3길 17  D타워 D1 24층,더미사원100,1954-03-05,0
102,1211,tureh,aciemegu,김영노,2016-02-29,00,02-758-5700,todotkiv@hawu.fr,서울특별시 중구 서소문로11길 35  (정동)   제이피모간플라자,더미사원101,1994-03-28,1
103,1212,virbezom,wetar,천재호,2016-02-29,00,02-3788-1000,kucovdu@remzohkik.se,서울시 종로구 신문로1가 226 흥국생명빌딩 21층,더미사원102,1963-05-06,1
104,1221,akujuzi,rignuw,이승한,2016-02-29,00,02-3707-0400,veadit@za.eh,서울특별시 중구 세종대로 136 (무교동 서울파이낸스센터 29층),더미사원103,1959-05-18,0
105,1222,bobubole,li,이억원,2016-02-29,00,02-399-4848,didi@eta.ad,서울 종로구 새문안로 68 흥국생명 빌딩 22층,더미사원104,1960-02-24,1
106,1231,gam,fug,이주섭,2016-02-29,00,02-6730-6000,funohe@dihse.dk,서울시 종로구 새문안로 82 에스타워 15층,더미사원105,1998-11-03,1
107,1241,gaj,mavir,강병중,2016-02-29,00,02-3700-9500,jopsurif@tawgolfo.ru,서울시 종로구 종로1 교보빌딩 21층,더미사원106,1961-06-29,1
108,1242,tuc,ezunamo,이영주,2016-02-29,00,02-3702-8888,vueli@tilov.tg,서울시 중구 세종대로 136 서울파이낸스센터 22층,더미사원107,1964-09-30,0
109,1300,ris,tajotnew,박상영,2016-02-29,00,02-3707-3700,cihinaz@areosi.kz,서울시 중구 소공로 109 한화빌딩 13층,더미사원108,1963-07-11,1
110,1311,lobdo,adi,한재용,2016-02-29,00,02-3706-8700,ciazoba@cej.zw,서울시 중구 칠패로 37 HSBC빌딩 7층,더미사원109,1969-03-24,0
111,1312,fir,ta,김동익,2016-02-29,00,02-317-8900,nahge@bin.id,서울시 중구 세종대로 136 서울파이낸스센터 11층,더미사원110,1995-10-10,0
112,1313,hegaeho,fo,우범기,2016-02-29,00,02-6910-1100,wewpa@kire.dm,서울시 중구 무교로6 금세기빌딩 12층,더미사원111,1960-06-28,1
113,1314,waf,sumkulog,박홍진,2016-05-31,00,02-2167-8200,acsaw@gekazuwi.ac,서울특별시 영등포구 여의대로 70 (여의도동 신한금융투자빌딩 25층),더미사원112,1999-10-18,1
114,1400,cigasni,bum,김선길,2016-06-30,00,02-788-8400,utri@vidcu.sl,"서울시 영등포구 여의대로 66, KTB빌딩 13층",더미사원113,1983-01-16,0
115,1411,josju,bosupu,김동곤,2016-05-31,00,02-360-9500,kik@nacizgu.ro,서울시 서대문구 충정로 50 골든브릿지빌딩 5층,더미사원114,1985-05-24,1
116,1421,arjewig,eh,오현경,2016-08-31,00,02-767-9600,popo@gi.ng,서울 종로구 종로 1 교보생명빌딩 15층,더미사원115,1967-05-20,1
117,1431,pu,fezo,마성균,2016-04-30,00,02-769-3280,te@oci.jm,"서울특별시 중구 명동 11길 24, 중국건설은행타워",더미사원116,1965-06-09,1
118,9001,so,galo,박성동,2016-05-31,00,02-787-3700,feifufew@vog.gy,"서울 영등포구 여의대로 24, 43층 (여의도동 FKI타워)",더미사원117,1968-04-22,0
119,1101,ecag,catus,윤성욱,2016-08-31,00,02-3770-1300,lu@racosu.ad,서울시 영등포구 국제금융로2길 동양증권빌딩 6/14층,더미사원118,1984-12-08,1
120,1200,tasolen,jovuceja,이재선,2016-02-29,00,02-6276-3000,eme@jo.lr,서울시 영등포구 63로 50 63빌딩 19층,더미사원119,1982-10-25,0
121,1211,jok,dout,이상규,2016-02-29,00,02-3787-3500,re@toghuzu.cw,서울시 영등포구 여의대로 66 KTB빌딩 8층,더미사원120,1964-10-25,0
122,1212,sehi,donapila,이용욱,2016-02-29,00,02-3703-9800,tuwkod@uroke.ug,서울특별시 영등포구 국제금융로 10(여의도동 원아이에프씨 20층),더미사원121,1984-01-25,1
123,1221,hoavo,oj,김구년,2016-02-29,00,02-6320-3000,fewesij@robtu.bb,서울특별시 종로구 북촌로 104(계동 계동빌딩),더미사원122,1959-07-01,1
124,1222,nolaro,cevhitu,김동엽,2016-02-29,00,02-3782-4717,zopes@silmatro.ky,"서울시 종로구 종로33, Tower 13",더미사원123,1976-06-01,0
125,1231,goapafe,ujijaw,고정민,2016-02-29,00,02-6277-5000,lib@su.gy,서울특별시 영등포구 여의대로 70 26층(여의도동 신한금융투자타워),더미사원124,1996-08-10,1
126,1241,dabnihmik,egiezo,진강렬,2016-02-29,00,02-3774-8000,nowfig@fet.se,서울시 영등포구 국제금융로 56 미래에셋대우빌딩 16층,더미사원125,1994-07-21,1
127,1242,efni,jugluzfol,최상대,2016-02-29,00,02-310-2500,jenpurih@zo.mv,서울 서초구 서초대로 74길 4 삼성생명 서초타운 16층,더미사원126,1960-02-18,1
128,1300,pa,ujonovomo,임기근,2016-02-29,00,02-3774-7600,wiifidif@okoce.gn,서울 서초구 서초대로 74길 11 삼성자산운용 16-18층,더미사원127,1967-07-09,0
129,1311,berbuw,irzod,장정진,2016-02-29,00,02-6711-7500,iwagu@se.com,서울특별시 영등포구 국제금융로8길 6,더미사원128,1994-10-27,1
130,1312,maja,abilivbo,박호성,2016-07-31,00,02-767-5777,zekzijpem@ik.hn,서울 영등포구 여의대로 70 신한금융투자타워 18층,더미사원129,1971-11-18,0
131,1313,walof,emetizur,김시동,2016-02-29,00,02-727-8800,rezucuj@ukeomobaf.pg,서울특별시 영등포구 은행로30(여의도동 중소기업중앙회 신관11층),더미사원130,1985-08-15,0
132,1314,ojsomki,zipfi,고종안,2016-02-29,00,02-2156-2800,vavi@zetmowad.mu,서울시 강남구 도산대로 318 9층 (논현동 SB타워),더미사원131,1958-10-14,1
133,1400,lib,gurbesu,최용호,2016-02-29,00,02-6670-1800,zasnit@hi.dz,서울 영등포구 여의나루로 27 사학연금회관 9층,더미사원132,1978-11-16,1
134,1411,af,oknuuh,신언주,2016-02-29,00,02-769-7600,dubesa@nadodil.edu,"서울시 영등포구 국제금융로 8길25 (여의도동, 주택건설회관 3층)",더미사원133,1998-06-29,0
135,1421,kavgozoc,elugagis,이용안,2016-02-29,00,02-501-7707,pepbedi@iguge.so,경기도 성남시 분당구 판교역로192번길 14(삼평동리치투게더센터),더미사원134,1987-05-14,1
136,1431,upwa,wicihun,박지훈,2016-02-29,00,02-3215-3000,leknaz@renu.is,"서울시 영등포구 국제금융로8길 11, 대영빌딩 2층(여의도동)",더미사원135,1955-03-28,1
137,9001,joprude,coavfu,오규택,2016-02-29,00,02-368-3600,giblivlom@kerozne.co,서울특별시 영등포구 국제금융로8길 2 농협재단빌딩 10층,더미사원136,1976-04-18,1
138,1101,sol,ko,김완섭,2016-02-29,00,02-707-4200,nusiweg@bupogok.vn,서울 영등포구 여의나루로 27 사학연금회관 12층,더미사원137,1969-05-11,0
139,1200,gi,gagev,안상열,2016-02-29,00,02-6007-4700,dozmakbe@zukom.ye,"서울특별시 강남구 남부순환로 2806, 군인공제회관 22층",더미사원138,1955-07-16,1
140,1211,etipojec,ulounu,조규산,2016-02-29,00,02-2168-7900,toked@gihi.fk,서울시 영등포구 국제금융로 6길 17번 부국증권빌딩 9층,더미사원139,1957-06-12,0
141,1212,bu,juoli,고정삼,2016-08-31,00,02-2129-3300,oluvfe@zac.bz,서울특별시 영등포구 국제금융로 24 (여의도동) 3층,더미사원140,1983-07-12,0
142,1221,iroob,ejicoaj,이명선,2016-02-29,00,02-6959-3100,ativej@hur.sc,서울시 영등포구 여의공원로 115 세우빌딩 14층,더미사원141,1998-10-21,1
143,1222,kuvir,ke,신민철,2016-02-29,00,02-3782-5000,lohicnuh@nu.pl,전라북도 전주시 덕진구 백제대로 566(금암동 전북은행빌딩),더미사원142,1999-04-10,1
144,1231,erahpu,ke,이승욱,2016-06-30,00,02-2077-5000,ihjewkol@nifot.bt,서울시 용산구 한강대로 372 18층 (동자동 케이디비생명타워),더미사원143,1961-10-08,0
145,1241,so,lur,조성철,2016-04-30,00,02-787-0101,ila@pozlo.ms,"서울특별시 강남구 삼성로 511 1층, 2층(삼성동 골든타워)",더미사원144,1966-10-11,1
146,1242,mok,bev,권중각,2016-08-31,00,02-789-0300,gutfa@sanvacjal.at,서울시 영등포구 여의나루로4길 18,더미사원145,1954-11-26,1
147,1300,dazguris,baj,양충모,2016-05-31,00,02-6308-0500,togcin@bihvuni.ng,"서울특별시 영등포구 여의대로 66, 10층(여의도동)",더미사원146,1992-07-16,1
148,1311,zugur,nanvin,오상우,2016-02-29,00,02-6353-7303,jug@gawiv.li,서울시 영등포구 의사당대로 82 하나금융투자빌딩 6층,더미사원147,1958-03-31,0
149,1312,vewjibir,wagbe,김유정,2016-02-29,00,02-3709-7304,igakid@bec.com,서울시 영등포구 의사당대로 143 금융투자협회빌딩 11층,더미사원148,1973-09-26,1
150,1313,uruto,ceus,정향우,2016-02-29,00,02-3787-2700,ru@tis.mu,서울시 영등포구 여의나루로 27 사학연금회관 13층,더미사원149,1969-11-05,0
151,1314,maenco,ib,문경환,2016-08-31,00,02-3771-7800,gedi@det.mn,"서울 영등포구 의사당대로 82, 15층 (여의도동)",더미사원150,1983-11-16,0
152,1400,jef,otuw,박봉용,2016-02-29,00,02-2050-4700,nuceufa@teku.mc,"서울특별시 강남구 테헤란로 427, 16층 (삼성동)",더미사원151,1978-02-09,1
153,1411,cehpubker,mibvaf,김영훈,2016-02-29,00,02-727-2700,usunojad@baket.sy,"서울시 영등포구 여의나루로 61 하이투자증권빌딩 11, 12층",더미사원152,1998-06-16,1
154,1421,was,lefkereh,황병기,2016-02-29,00,02-3276-6000,pi@za.va,"서울시 영등포구 의사당대로 88, 한국투자빌딩 17층",더미사원153,1969-05-23,0
155,1431,oma,lam,임재정,2016-05-31,00,02-3276-4700,kef@hinukhow.pk,서울특별시 영등포구 의사당대로 88,더미사원154,1964-12-20,1
156,9001,cec,ketgered,임동규,2016-02-29,00,02-6950-0000,dej@mawrosra.gf,서울시 영등포구 63로 50 한화금융센터 49~52층,더미사원155,1960-12-06,1
157,1101,ovona,rab,김규정,2016-05-31,00,02-6276-7000,ved@das.re,서울특별시 영등포구 의사당대로 97 교보증권빌딩 14층,더미사원156,1991-08-08,1
158,1200,ed,top,김윤경,2016-04-30,00,02-2090-0500,jehiop@si.se,서울시 영등포구 은행로30  6층 (여의도동 중소기업중앙회신관),더미사원157,1957-12-06,0
159,1211,tew,domwukog,조원경,2016-05-31,00,02-2122-2800,cete@wapuzo.eu,서울 종로구 새문안로 68 흥국생명빌딩 19층,더미사원158,1972-07-15,1
160,1212,fe,ruobge,문지성,2016-05-31,00,02-3707-3699,bo@vi.io,서울시 서초구 서초대로 74길 4 (서초동) 삼성생명 서초타워 33층,더미사원159,1959-10-13,0
161,1221,pe,jelwerup,이형렬,2016-04-30,00,02-3774-0300,veineve@nel.bs,서울시 영등포구 국제금융로8길 2 농협재단 빌딩 16층,더미사원160,1968-10-08,0
162,1222,epkof,geumu,주현준,2016-08-31,00,02-3770-8800,ize@ofwacuv.ao,서울시 영등포구 국제금융로8길 10,더미사원161,1981-04-28,1
163,1231,viwauti,feiskit,최지영,2016-09-30,00,053-957-9901,utibofu@tabe.ug,대구시 동구 동북로 296,더미사원162,1988-03-19,1
164,1241,butuhe,owhijot,심현우,2016-08-31,00,061-743-3583,poco@jibpa.im,전라남도 순천시 백연길 111,더미사원163,1986-07-22,0
165,1242,ec,bumega,오재우,2016-05-31,00,041-568-1783,juek@pepih.sm,충청남도 천안시 동남구 대흥로 277,더미사원164,1972-02-14,1
166,1300,duvos,em,우병렬,2016-09-30,00,031-944-2425,daek@lisha.cr,경기 파주시 문화로 90,더미사원165,1954-08-30,1
167,1311,ejaojbak,oskeju,김후진,2016-07-31,00,062-221-6600,uvo@ecu.jm,광주광역시 동구 금남로 182 (금남로5가),더미사원166,1964-08-10,1
168,1312,kojed,ujukihij,장도환,2016-02-29,00,02-3705-1700,uhuwu@wi.kh,서울특별시 영등포구 국제금융로 6길 11 삼덕빌딩 8층,더미사원167,1976-03-24,0
169,1313,wo,tufwoaf,하승완,2016-11-30,00,02-3485-4100,mapupkup@ko.hu,서울특별시 종로구 종로1(종로1가),더미사원168,1991-07-29,1
170,1314,has,ohsaus,이대중,2016-05-31,00,02-2271-0071,jupzadmo@lecbumroj.kn,서울시 서대문구 충정로 60,더미사원169,1991-07-29,0
171,1400,ad,acbeg,지광철,2016-05-31,00,02-545-9000,vujik@jolzek.th,서울특별시 강남구 테헤란로 432 DB금융센터,더미사원170,1982-11-01,0
172,1411,faz,jo,서규식,2016-05-31,00,02-595-4321,esve@uw.sj,서울특별시 종로구 종로33(청진동) 그랑서울,더미사원171,1992-03-04,1
173,1421,onrog,hi,최영배,2016-05-31,00,02-558-2501,zejgewo@luflaiw.dk,서울시 종로구 삼봉로 48번지 시그나타워,더미사원172,1956-09-09,1
174,1431,naw,pupvasul,조용수,2016-05-31,00,02-569-5600,azutor@vode.as,서울특별시 강남구 테헤란로 316(메트라이프 타워),더미사원173,1979-05-20,0
175,9001,luflarif,hicrinu,윤태식,2016-05-31,00,02-2260-0700,awdouva@evgolrim.il,서울특별시 영등포구 국제금융로 56,더미사원174,1979-02-01,1
176,1101,cocmozal,movah,유병희,2016-05-31,00,02-3702-5800,ogeza@igfowa.sg,서울특별시 중구 후암로 110 (남대문로 5가),더미사원175,1966-06-28,1
177,1200,afiapde,ug,윤정주,2016-06-30,00,02-3144-2460,uhireafu@zeriri.sh,서울특별시 서초구 서초대로74길 11,더미사원176,1973-02-06,1
178,1211,eb,mu,김남성,2016-04-30,00,051-717-0900,awpiz@wi.mo,서울특별시 중구 삼일대로 358(을지로2가  신한L Tower 2층),더미사원177,1953-07-13,0
179,1212,guv,holcojbur,도종록,2016-05-31,00,02-3978-600,bakjik@gupoc.uk,"서울특별시 중구 칠패로 37(봉래동 1가, HSBC빌딩)",더미사원178,1965-11-03,1
180,1221,luihu,huzzasvu,김동준,2016-05-31,00,02-6206-0300,afgaka@janfa.lb,서울특별시 영등포구 의사당대로 147 (ABL타워),더미사원179,1999-01-25,0
181,1222,ehopav,kifbonip,나상곤,2016-05-31,00,032 -865 -3911,sahmewef@uwoli.so,서울시 강남구 삼성로 511(삼성동) 골든타워 5-6층,더미사원180,1984-03-22,0
182,1231,mu,bunak,이종훈,2016-06-30,00,032 -526 -6000,ugoupoce@ficjad.mr,서울특별시 중구 통일로 2길 16 (순화동 216) AIA 타워,더미사원181,1983-10-04,1
183,1241,tuvtiz,fa,김경희,2016-06-30,00,032 -421 -2111,galdek@jol.tj,서울특별시 서대문구 충정로 29(충정로3가),더미사원182,1974-05-25,1
184,1242,mo,dadod,박성훈,2016-06-30,00,032 -430 -3300,vo@ejakisu.in,서울특별시 용산구 한강대로 372 KDB생명타워,더미사원183,1958-09-09,0
185,1300,icuzo,wan,이대균,2016-06-30,00,053 -742 -3301,vugcuj@ze.sd,서울특별시 영등포구 국제금융로 2길 28 KB금융타워 2층 15층,더미사원184,1985-01-04,1